variance,skewness,curtosis,entropy
 3.62160,8.6661,-2.8073,-0.44699
 4.54590,8.1674,-2.4586,-1.46210
 3.86600,-2.6383,1.9242,0.10645
 3.45660,9.5228,-4.0112,-3.59440
 0.32924,-4.4552,4.5718,-0.9888
-2.12340,1.18150,-0.55552,-0.81165
-2.31420,2.08380,-0.46813,-1.67670
-1.42330,-0.98912,2.35860,0.39481
-3.08660,-6.63620,10.54050,-0.89182